# name, gender
Amitpal, m
Andisheh, m
Anish, m
Aquib, m
Avishay, m
Bomee, f
Chalence, m
Dacheng, m
Debopam, m
Donghui, m
Duilia, f
Eilat, f
Emmanouil, m
Erzsebet, f
Evdokiya, f
Evgenya, f
Fabo, m
Ferah, f
Gongjie, f
Graziano, m
Guangtun, m
Gururaj, m
Harus, m
Hilding, m
Hilke, f
Hooshang, m
How-Huan, m
Hsin-Yi, f
Hyun-Jin, m
Hyunsung, 
Iraklis, m
Ivelina, f
Jean-Christophe, m
Jean-Michel, m
Jeonghee, f
Jeyhan, f
Jian-Yang, m
Jianfeng, m
Jincheng, m
Jingying, f
Jithin, m
Ka-Wah, m
Kuang-Han, m
Kyoung, f
Lerothodi, m
Mithi, f
Mohammadtaher, m
Mordecai-Mark, m
Myungkook, 
Nikku, m
Pasham, m
Pier-Emmanuel, m
Pocohontas, f
Puragra, m
Qingqing, m
Qingzhen, f
Reinout, m
Rongmon, m
Rossina, f
Saavik, f
Sanchayeeta, f
Sanlyn, f
Sirinrat, f
Siyi, f
Smadar, f
Sourav, m
Sowgat, m
Stanimir, m
Sugata, m
Suvrath, m
Takalani, m
Takamitsu, m
Tianxi, m
Veselin, m
Wen-fai, f
Woodruff, m
Xi, m
Xinghai, m
Young-Soo, m
Yuexing, f
Zdzislaw, m
Zequn, m
Zhibo, m
Zhuohan, f
